open_time,open,high,low,close,volume
2021-01-12 07:00:00,36060.5,36060.5,35807.9,35815.6,10.423
2021-01-12 07:05:00,35815.5,35939.5,35717.3,35722.0,9.339
2021-01-12 07:10:00,35715.6,35849.5,35715.6,35723.4,3.884
2021-01-12 07:15:00,35735.1,35735.1,35720.0,35727.6,1.684
2021-01-12 07:20:00,35727.2,35850.0,35714.0,35831.6,3.474
2021-01-12 07:25:00,35834.2,35883.6,35759.3,35794.4,4.056
2021-01-12 07:30:00,35837.0,35879.9,35837.0,35869.7,1.814
2021-01-12 07:35:00,35870.6,36246.7,35869.4,36227.5,2.284
2021-01-12 07:40:00,36257.5,36615.1,36257.5,36590.3,2.422
2021-01-12 07:45:00,36523.4,36535.6,36418.1,36466.1,1.541
2021-01-12 07:50:00,36478.3,36526.0,36391.5,36402.9,1.514
2021-01-12 07:55:00,36508.8,36508.8,36372.8,36433.4,2.468
2021-01-12 08:00:00,36453.3,36496.1,36070.3,36070.3,2.071
2021-01-12 08:05:00,36106.7,36162.9,36015.4,36059.3,2.349
2021-01-12 08:10:00,36058.4,36229.4,36058.4,36108.3,2.77
2021-01-12 08:15:00,36111.3,36172.2,35836.1,35846.4,3.229
2021-01-12 08:20:00,35830.9,35902.2,35813.5,35880.2,3.215
2021-01-12 08:25:00,35877.3,36095.4,35823.8,36095.4,3.186
2021-01-12 08:30:00,36070.2,36098.5,35938.4,35969.1,2.174
2021-01-12 08:35:00,35953.2,36301.5,35948.0,36222.2,3.328
2021-01-12 08:40:00,36251.8,36276.9,36161.4,36171.7,2.006
2021-01-12 08:45:00,36177.1,36177.1,35510.8,35690.1,3.927
2021-01-12 08:50:00,35649.0,35791.3,35636.6,35768.5,3.069
2021-01-12 08:55:00,35796.3,35846.7,35726.2,35778.9,2.869
2021-01-12 09:00:00,35787.8,35886.9,35494.3,35586.1,3.105
2021-01-12 09:05:00,35534.9,35803.0,35482.2,35803.0,2.927
2021-01-12 09:10:00,35795.2,35985.8,35795.2,35922.5,2.794
2021-01-12 09:15:00,35923.2,36013.4,35748.5,35872.7,3.097
2021-01-12 09:20:00,35871.7,35871.7,35642.4,35692.8,2.613
2021-01-12 09:25:00,35724.0,35838.4,35675.8,35829.0,2.496
2021-01-12 09:30:00,35796.5,36113.2,35796.5,36058.6,2.488
2021-01-12 09:35:00,36064.1,36130.2,36019.4,36019.4,2.008
2021-01-12 09:40:00,36008.2,36047.6,36006.9,36045.8,2.078
2021-01-12 09:45:00,36046.3,36124.7,35945.4,35993.1,1.878
2021-01-12 09:50:00,35988.9,36089.3,35951.2,36010.2,2.231
2021-01-12 09:55:00,35981.7,35983.7,35861.4,35935.4,2.761
2021-01-12 10:00:00,35924.4,36105.7,35924.4,36080.1,2.08
2021-01-12 10:05:00,36098.2,36098.2,35555.8,35555.8,3.266
2021-01-12 10:10:00,35587.4,35636.3,35308.9,35337.2,2.289
2021-01-12 10:15:00,35324.9,35357.6,35243.6,35357.6,2.44
2021-01-12 10:20:00,35317.4,35317.4,35132.1,35144.5,1.95
2021-01-12 10:25:00,35152.7,35198.3,34859.8,34859.8,2.788
2021-01-12 10:30:00,34942.7,35136.4,34790.7,35029.7,2.216
2021-01-12 10:35:00,35034.9,35200.3,34926.2,35004.8,2.528
2021-01-12 10:40:00,34940.7,35127.1,34803.3,35084.9,2.173
2021-01-12 10:45:00,35136.1,35219.4,34961.8,34981.8,2.369
2021-01-12 10:50:00,35009.5,35218.6,34962.7,35217.8,2.4
2021-01-12 10:55:00,35206.0,35206.0,35034.2,35061.2,2.102
2021-01-12 11:00:00,35138.1,35239.8,35134.0,35239.8,2.281
2021-01-12 11:05:00,35292.8,35526.9,35231.1,35510.6,2.924
2021-01-12 11:10:00,35522.3,35522.3,35396.8,35460.8,1.283
2021-01-12 11:15:00,35450.1,35736.8,35450.1,35638.8,2.205
2021-01-12 11:20:00,35648.9,35729.0,35565.4,35698.9,1.628
2021-01-12 11:25:00,35698.9,35766.7,35527.7,35652.4,2.599
2021-01-12 11:30:00,35576.8,35675.3,35509.2,35509.2,2.179
2021-01-12 11:35:00,35471.3,35561.3,35367.9,35420.5,2.721
2021-01-12 11:40:00,35410.0,35410.0,35160.8,35250.1,2.146
2021-01-12 11:45:00,35261.7,35369.6,35180.4,35369.6,2.259
2021-01-12 11:50:00,35369.7,35443.8,35214.5,35344.5,2.432
2021-01-12 11:55:00,35374.3,35426.8,35255.7,35369.2,2.504
2021-01-12 12:00:00,35350.9,35861.0,35323.1,35581.7,3.463
2021-01-12 12:05:00,35501.0,35636.3,35501.0,35565.0,3.798
2021-01-12 12:10:00,35566.0,35632.4,35469.8,35631.4,2.485
2021-01-12 12:15:00,35474.4,35515.3,35389.5,35412.0,2.114
2021-01-12 12:20:00,35412.8,35432.1,35212.2,35235.4,2.051
2021-01-12 12:25:00,35239.6,35239.6,35226.5,35230.2,1.433
2021-01-12 12:30:00,35242.4,35248.9,35062.9,35062.9,2.298
2021-01-12 12:35:00,35042.4,35178.9,35042.4,35081.5,1.76
2021-01-12 12:40:00,35102.8,35184.8,34928.7,34950.2,2.459
2021-01-12 12:45:00,34946.2,35122.5,34848.2,34851.0,1.902
2021-01-12 12:50:00,34860.8,35179.9,34848.2,35159.1,3.991
2021-01-12 12:55:00,35145.0,35145.0,34979.2,34998.1,2.06
2021-01-12 13:00:00,34987.6,35293.4,34987.6,35102.3,3.411
2021-01-12 13:05:00,35120.0,35343.1,35120.0,35329.2,2.579
2021-01-12 13:10:00,35328.8,35340.4,35234.9,35268.2,1.954
2021-01-12 13:15:00,35194.2,35194.2,34890.9,34890.9,2.651
2021-01-12 13:20:00,34913.2,34941.7,34517.5,34533.0,2.491
2021-01-12 13:25:00,34524.4,34613.3,34361.0,34590.6,3.309
2021-01-12 13:30:00,34586.0,34587.5,34248.0,34285.4,2.917
2021-01-12 13:35:00,34287.6,34374.4,34135.1,34135.1,2.355
2021-01-12 13:40:00,34102.0,34106.2,33783.0,33869.1,2.504
2021-01-12 13:45:00,33882.3,34055.3,33632.6,33659.4,4.05
2021-01-12 13:50:00,33719.1,33993.5,33684.6,33809.8,3.297
2021-01-12 13:55:00,33752.0,33752.0,33214.4,33214.4,2.982
2021-01-12 14:00:00,33320.2,33831.6,33320.2,33802.0,3.203
2021-01-12 14:05:00,33831.1,33925.7,33468.6,33903.3,3.887
2021-01-12 14:10:00,33906.1,33916.1,33696.6,33806.0,3.394
2021-01-12 14:15:00,33747.1,33980.4,33714.5,33714.5,5.221
2021-01-12 14:20:00,33584.9,33661.9,33155.5,33175.0,3.355
2021-01-12 14:25:00,33270.2,33391.4,32712.0,32787.8,5.156
2021-01-12 14:30:00,32966.6,33252.4,32876.8,32902.1,7.016
2021-01-12 14:35:00,32735.5,33093.7,32520.4,33093.7,4.413
2021-01-12 14:40:00,33028.2,33332.1,32971.2,33176.3,5.905
2021-01-12 14:45:00,33205.9,33449.6,32936.8,33092.6,4.919
2021-01-12 14:50:00,32999.0,33900.0,32897.2,33396.6,6.273
2021-01-12 14:55:00,33361.1,33427.6,33311.3,33367.6,3.072
2021-01-12 15:00:00,33461.0,33826.7,33454.8,33624.9,2.979
2021-01-12 15:05:00,33624.8,33872.3,33624.8,33778.4,3.164
2021-01-12 15:10:00,33672.6,33831.1,33659.3,33659.3,2.33
2021-01-12 15:15:00,33660.5,34269.0,33599.8,33909.9,4.334
2021-01-12 15:20:00,33849.2,34233.8,33830.7,34156.1,2.029
2021-01-12 15:25:00,34183.3,34188.0,34003.3,34036.5,2.221
2021-01-12 15:30:00,34032.4,34032.5,33793.6,33804.5,2.863
2021-01-12 15:35:00,33735.6,34007.3,33663.9,33749.7,2.699
2021-01-12 15:40:00,33743.5,33889.5,33680.8,33808.0,2.458
2021-01-12 15:45:00,33810.8,34130.8,33774.3,34111.7,3.034
2021-01-12 15:50:00,34152.2,34152.2,33887.8,33887.8,2.029
2021-01-12 15:55:00,33865.6,33983.0,33765.9,33796.1,2.92
2021-01-12 16:00:00,33798.1,34313.9,33798.1,34313.9,2.146
2021-01-12 16:05:00,34376.4,34509.9,34282.5,34470.9,2.586
2021-01-12 16:10:00,34462.4,34480.2,34359.4,34390.4,2.673
2021-01-12 16:15:00,34382.2,34596.5,34266.7,34586.6,2.881
2021-01-12 16:20:00,34586.7,34748.8,34582.8,34582.8,2.188
2021-01-12 16:25:00,34582.9,34648.1,34505.2,34535.8,2.189
2021-01-12 16:30:00,34529.1,34529.1,34365.0,34464.5,2.461
2021-01-12 16:35:00,34463.6,34659.1,34385.0,34629.7,3.508
2021-01-12 16:40:00,34615.7,34711.1,34503.4,34631.5,2.199
2021-01-12 16:45:00,34664.3,34712.7,34560.9,34560.9,2.335
2021-01-12 16:50:00,34542.9,34806.3,34496.9,34773.2,2.455
2021-01-12 16:55:00,34770.7,34965.8,34770.7,34936.9,2.181
2021-01-12 17:00:00,34966.6,34966.6,34783.1,34786.6,2.711
2021-01-12 17:05:00,34787.0,35212.8,34787.0,35148.2,4.069
2021-01-12 17:10:00,35161.2,35301.1,35004.4,35028.3,3.296
2021-01-12 17:15:00,35060.1,35060.1,34913.0,34913.2,2.352
2021-01-12 17:20:00,34873.4,34873.4,34663.0,34676.5,3.067
2021-01-12 17:25:00,34673.4,34766.6,34561.2,34570.3,2.729
2021-01-12 17:30:00,34626.1,34888.3,34626.1,34770.0,2.807
2021-01-12 17:35:00,34734.6,34734.6,34603.3,34644.3,3.056
2021-01-12 17:40:00,34684.3,34691.7,34529.2,34685.3,2.509
2021-01-12 17:45:00,34586.1,34914.5,34586.1,34839.8,2.998
2021-01-12 17:50:00,34865.6,35072.3,34820.7,35061.2,3.473
2021-01-12 17:55:00,35009.3,35022.6,34891.4,34973.8,2.72
2021-01-12 18:00:00,34952.9,35022.8,34788.8,34814.2,2.878
2021-01-12 18:05:00,34816.6,35016.2,34791.1,34994.8,2.377
2021-01-12 18:10:00,34998.5,35453.1,34998.5,35326.2,3.278
2021-01-12 18:15:00,35417.2,35506.6,35264.5,35419.9,2.761
2021-01-12 18:20:00,35420.7,35420.7,35255.3,35297.0,2.76
2021-01-12 18:25:00,35298.6,35343.3,35234.9,35261.8,3.115
2021-01-12 18:30:00,35290.6,35308.7,35033.3,35088.0,2.629
2021-01-12 18:35:00,35066.2,35116.2,35028.3,35040.3,2.627
2021-01-12 18:40:00,35040.4,35056.7,34929.7,35010.5,2.605
2021-01-12 18:45:00,35011.9,35199.6,34888.9,34888.9,2.736
2021-01-12 18:50:00,34888.2,34948.0,34813.0,34948.0,2.26
2021-01-12 18:55:00,34949.6,35078.7,34943.7,34978.7,2.395
2021-01-12 19:00:00,34998.1,35000.1,34707.9,34748.7,2.579
2021-01-12 19:05:00,34748.3,34856.3,34675.1,34688.3,1.948
2021-01-12 19:10:00,34636.6,34853.0,34618.5,34824.7,2.318
2021-01-12 19:15:00,34830.9,34908.3,34762.0,34762.0,2.323
2021-01-12 19:20:00,34813.7,34846.7,34465.9,34586.3,3.225
2021-01-12 19:25:00,34569.7,34569.7,34459.3,34513.8,2.162
2021-01-12 19:30:00,34516.2,34644.9,34466.6,34485.7,2.412
2021-01-12 19:35:00,34473.4,34563.6,34369.5,34379.8,2.739
2021-01-12 19:40:00,34372.9,34377.2,34179.2,34218.4,2.878
2021-01-12 19:45:00,34217.5,34551.7,34137.5,34551.7,2.888
2021-01-12 19:50:00,34551.7,34582.3,34506.0,34538.4,2.525
2021-01-12 19:55:00,34538.4,34798.8,34538.4,34648.8,3.311
2021-01-12 20:00:00,34581.7,34628.7,34450.4,34450.4,2.893
2021-01-12 20:05:00,34478.5,34478.5,33544.7,34244.4,6.011
2021-01-12 20:10:00,34223.9,34347.7,34190.5,34347.7,2.283
2021-01-12 20:15:00,34262.4,34262.4,33988.0,34035.9,2.931
2021-01-12 20:20:00,34049.5,34078.1,33847.2,33847.2,3.018
2021-01-12 20:25:00,33843.4,34244.5,33832.5,34176.5,3.545
2021-01-12 20:30:00,34163.6,34598.5,33835.3,33835.3,7.156
2021-01-12 20:35:00,33847.3,33968.0,33695.2,33791.5,3.281
2021-01-12 20:40:00,33756.0,33938.6,33756.0,33895.2,3.558
2021-01-12 20:45:00,33905.9,34148.6,33880.5,34074.3,2.375
2021-01-12 20:50:00,34078.6,34091.2,33855.6,34091.2,2.54
2021-01-12 20:55:00,34069.5,34306.5,34069.5,34259.8,2.027
2021-01-12 21:00:00,34212.4,34426.9,34185.3,34339.8,2.063
2021-01-12 21:05:00,34349.5,34390.5,34271.9,34273.9,2.401
2021-01-12 21:10:00,34308.8,34390.0,34265.3,34370.4,2.402
2021-01-12 21:15:00,34311.2,34371.2,34255.0,34281.0,2.272
2021-01-12 21:20:00,34285.1,34358.8,34018.7,34018.7,2.38
2021-01-12 21:25:00,34009.8,34071.7,33690.6,34071.7,4.285
2021-01-12 21:30:00,34060.9,34061.4,33783.1,33845.9,3.028
2021-01-12 21:35:00,33850.2,33945.4,33815.1,33923.4,3.036
2021-01-12 21:40:00,33971.0,34207.1,33957.1,34204.0,2.585
2021-01-12 21:45:00,34205.4,34558.1,34205.4,34530.3,2.787
2021-01-12 21:50:00,34514.5,34817.1,34458.2,34735.6,2.914
2021-01-12 21:55:00,34736.6,34828.7,34659.8,34661.3,2.354
2021-01-12 22:00:00,34653.5,35180.3,34642.5,34933.1,5.432
2021-01-12 22:05:00,34912.2,34913.3,34831.0,34834.4,2.538
2021-01-12 22:10:00,34839.0,34839.0,34681.7,34737.4,2.815
2021-01-12 22:15:00,34736.8,34736.8,34640.4,34690.9,2.509
2021-01-12 22:20:00,34673.4,34673.4,34569.1,34583.8,1.999
2021-01-12 22:25:00,34609.5,34632.8,34324.9,34350.5,3.275
2021-01-12 22:30:00,34337.1,34462.2,34329.1,34452.6,1.99
2021-01-12 22:35:00,34439.9,34576.2,34214.2,34214.2,2.672
2021-01-12 22:40:00,34221.0,34282.2,34184.3,34188.7,2.426
2021-01-12 22:45:00,34188.9,34188.9,33827.1,33935.3,3.69
2021-01-12 22:50:00,33933.0,33933.0,33456.6,33523.6,5.106
2021-01-12 22:55:00,33488.0,33796.1,33353.3,33609.2,6.789
2021-01-12 23:00:00,33655.6,33663.1,33272.8,33530.0,3.198
2021-01-12 23:05:00,33574.9,33617.1,33319.8,33319.8,2.823
2021-01-12 23:10:00,33273.6,33962.9,33273.6,33945.9,2.511
2021-01-12 23:15:00,33928.6,33959.4,33600.0,33672.1,2.463
2021-01-12 23:20:00,33704.6,33713.0,33429.9,33471.4,2.785
2021-01-12 23:25:00,33464.2,33529.3,33320.8,33412.2,2.356
2021-01-12 23:30:00,33313.5,33708.9,33312.8,33345.2,3.002
2021-01-12 23:35:00,33410.3,33537.1,33302.0,33489.2,2.273
2021-01-12 23:40:00,33438.9,33854.3,33438.9,33789.2,2.862
2021-01-12 23:45:00,33762.4,33821.2,33614.3,33821.2,2.021
2021-01-12 23:50:00,33790.0,33917.6,33727.1,33904.2,2.132
2021-01-12 23:55:00,33878.9,34053.8,33678.4,34021.1,5.291
2021-01-13 00:00:00,33877.8,33877.8,33587.8,33599.5,1.95
2021-01-13 00:05:00,33488.9,33666.7,33488.9,33666.7,0.275
2021-01-13 00:10:00,33652.0,33799.9,33652.0,33750.0,0.554
2021-01-13 00:15:00,33806.7,33878.2,33528.7,33528.7,2.846
2021-01-13 00:20:00,33554.1,33556.6,33317.3,33342.3,2.895
2021-01-13 00:25:00,33429.8,33430.9,32904.4,33064.0,3.401
2021-01-13 00:30:00,33049.4,33192.0,33027.6,33181.2,3.341
2021-01-13 00:35:00,33103.8,33103.8,32788.8,32817.7,2.992
2021-01-13 00:40:00,32822.7,33125.1,32757.0,33125.1,3.033
2021-01-13 00:45:00,33135.7,33135.7,32647.3,32831.0,3.212
2021-01-13 00:50:00,32768.7,32969.1,32712.1,32712.1,2.493
2021-01-13 00:55:00,32738.9,32738.9,32346.7,32402.7,4.643
2021-01-13 01:00:00,32362.9,32901.3,32362.9,32895.2,4.762
2021-01-13 01:05:00,32899.5,32975.4,32872.6,32886.9,2.626
2021-01-13 01:10:00,32752.9,33117.8,32744.4,33031.6,2.616
2021-01-13 01:15:00,33093.1,33093.1,32817.8,32818.0,1.997
2021-01-13 01:20:00,32963.6,33050.7,32697.9,32794.9,3.178
2021-01-13 01:25:00,32748.8,32788.2,32483.0,32483.0,3.063
2021-01-13 01:30:00,32550.6,32816.8,32531.5,32744.2,3.283
2021-01-13 01:35:00,32771.3,32916.8,32771.3,32915.2,2.479
2021-01-13 01:40:00,32910.2,32912.4,32685.1,32685.1,2.617
2021-01-13 01:45:00,32729.6,33054.8,32729.6,33040.1,2.611
2021-01-13 01:50:00,33010.3,33170.0,32888.3,33146.9,3.125
2021-01-13 01:55:00,33158.4,33162.6,32995.5,33070.7,2.809
2021-01-13 02:00:00,33064.1,33466.3,33033.1,33451.4,3.243
2021-01-13 02:05:00,33463.0,33463.0,33298.8,33339.9,2.61
2021-01-13 02:10:00,33336.1,33337.1,33117.9,33121.5,2.158
2021-01-13 02:15:00,33178.3,33324.4,33102.1,33324.4,3.285
2021-01-13 02:20:00,33327.7,33327.7,32827.1,32853.0,3.078
2021-01-13 02:25:00,32855.8,32891.8,32715.1,32782.1,2.063
2021-01-13 02:30:00,32765.1,32786.4,32600.0,32693.5,2.977
2021-01-13 02:35:00,32679.1,32826.1,32621.6,32621.6,2.418
2021-01-13 02:40:00,32574.4,32798.6,32542.6,32761.2,2.978
2021-01-13 02:45:00,32751.2,32915.1,32632.3,32835.4,2.545
2021-01-13 02:50:00,32917.9,33076.5,32858.4,33064.0,2.67
2021-01-13 02:55:00,33070.1,33091.3,32974.8,32981.9,2.44
2021-01-13 03:00:00,32987.0,33473.0,32943.1,33473.0,3.462
2021-01-13 03:05:00,33377.3,33890.5,33359.7,33856.4,4.497
2021-01-13 03:10:00,33960.2,34186.1,33827.5,34015.5,4.541
2021-01-13 03:15:00,34018.9,34318.8,33923.3,33969.9,2.625
2021-01-13 03:20:00,33974.6,34039.2,33810.4,33937.4,2.774
2021-01-13 03:25:00,33932.2,34032.5,33873.5,33888.7,2.427
2021-01-13 03:30:00,33894.4,33998.8,33800.6,33925.8,2.214
2021-01-13 03:35:00,33919.5,34034.3,33796.6,33841.2,2.944
2021-01-13 03:40:00,33814.9,33954.4,33800.0,33824.7,2.605
2021-01-13 03:45:00,33823.4,33948.5,33691.9,33734.0,1.888
2021-01-13 03:50:00,33698.0,33785.6,33628.7,33675.4,2.524
2021-01-13 03:55:00,33676.9,33801.1,33641.8,33764.7,2.964
2021-01-13 04:00:00,33813.9,33862.8,33735.4,33752.6,2.818
2021-01-13 04:05:00,33750.0,33750.0,33436.3,33474.1,2.909
2021-01-13 04:10:00,33497.0,33605.4,33495.8,33605.4,2.328
2021-01-13 04:15:00,33529.6,33583.6,33380.8,33392.4,2.501
2021-01-13 04:20:00,33433.7,33561.9,33406.0,33470.0,2.408
2021-01-13 04:25:00,33469.5,33684.0,33460.9,33659.7,2.682
2021-01-13 04:30:00,33704.1,33704.1,33308.8,33340.8,3.988
2021-01-13 04:35:00,33310.7,33362.3,33237.9,33307.8,3.082
2021-01-13 04:40:00,33297.5,33331.0,33133.2,33181.1,2.571
2021-01-13 04:45:00,33196.6,33283.7,33100.7,33130.8,2.574
2021-01-13 04:50:00,33119.4,33250.7,33066.9,33068.3,2.302
2021-01-13 04:55:00,33168.4,33272.1,33126.6,33126.6,2.147
2021-01-13 05:00:00,33126.6,33477.5,33126.6,33302.0,3.687
2021-01-13 05:05:00,33292.6,33477.5,33292.6,33333.6,2.618
2021-01-13 05:10:00,33362.4,33449.6,33326.0,33434.4,2.393
2021-01-13 05:15:00,33452.9,33452.9,33255.1,33272.1,2.3
2021-01-13 05:20:00,33250.3,33276.8,33013.3,33013.3,2.311
2021-01-13 05:25:00,33042.8,33042.8,32934.7,32991.2,2.384
2021-01-13 05:30:00,33013.6,33099.5,32743.0,33066.6,2.972
2021-01-13 05:35:00,33037.6,33233.9,33037.6,33123.5,2.706
2021-01-13 05:40:00,33140.9,33183.4,33038.5,33038.5,2.551
2021-01-13 05:45:00,33037.1,33037.1,32833.5,32886.1,2.978
2021-01-13 05:50:00,32927.4,33010.0,32762.3,33010.0,3.295
2021-01-13 05:55:00,33010.0,33269.1,33010.0,33269.1,2.409
2021-01-13 06:00:00,33267.0,33383.5,33189.8,33225.2,1.954
2021-01-13 06:05:00,33242.7,33537.2,33210.7,33500.0,2.077
2021-01-13 06:10:00,33476.6,33484.2,33325.2,33477.6,2.417
2021-01-13 06:15:00,33475.5,33711.6,33432.7,33703.1,2.81
2021-01-13 06:20:00,33678.8,33817.2,33678.8,33707.9,3.602
2021-01-13 06:25:00,33712.4,33832.3,33642.4,33780.9,2.275
2021-01-13 06:30:00,33835.8,33893.2,33604.2,33611.4,2.977
2021-01-13 06:35:00,33612.1,33682.6,33606.2,33665.5,2.23
2021-01-13 06:40:00,33713.4,33930.9,33713.4,33930.9,2.159
2021-01-13 06:45:00,33958.4,34130.1,33919.6,34130.1,2.302
2021-01-13 06:50:00,34132.9,34195.6,33890.7,33895.1,1.946
2021-01-13 06:55:00,33890.2,33978.3,33724.2,33724.2,2.986
2021-01-13 07:00:00,33762.3,33832.1,33708.3,33771.7,2.158
2021-01-13 07:05:00,33793.1,33872.9,33730.8,33802.0,1.941
2021-01-13 07:10:00,33802.4,33977.9,33752.4,33906.6,1.796
2021-01-13 07:15:00,33882.9,33882.9,33775.4,33879.5,1.972
2021-01-13 07:20:00,33870.5,34060.6,33816.2,34056.6,2.313
2021-01-13 07:25:00,34025.8,34619.2,34025.8,34570.5,4.236
2021-01-13 07:30:00,34592.4,34756.4,34520.2,34707.1,3.352
2021-01-13 07:35:00,34694.5,34788.7,34623.9,34663.7,2.515
2021-01-13 07:40:00,34681.6,34850.0,34621.7,34794.3,2.473
2021-01-13 07:45:00,34802.7,35063.6,34802.7,34968.6,2.802
2021-01-13 07:50:00,34955.1,35054.4,34821.9,35054.4,2.085
2021-01-13 07:55:00,35112.7,35116.0,34895.1,34938.4,3.586
2021-01-13 08:00:00,34951.6,35014.3,34641.2,34699.6,2.892
2021-01-13 08:05:00,34700.0,34857.3,34699.8,34755.9,2.329
2021-01-13 08:10:00,34757.4,34842.3,34611.8,34669.4,2.885
2021-01-13 08:15:00,34674.4,34820.2,34645.7,34647.6,2.43
2021-01-13 08:20:00,34635.2,34645.4,34541.6,34611.0,2.719
2021-01-13 08:25:00,34610.6,34732.6,34609.1,34638.4,2.572
2021-01-13 08:30:00,34608.4,34735.5,34300.0,34543.6,2.844
2021-01-13 08:35:00,34518.7,34554.8,34420.7,34428.8,2.896
2021-01-13 08:40:00,34457.8,34543.4,34432.6,34513.6,2.542
2021-01-13 08:45:00,34570.9,34693.1,34497.8,34691.3,2.266
2021-01-13 08:50:00,34677.4,34776.6,34582.7,34582.7,2.557
2021-01-13 08:55:00,34581.8,34672.0,34492.1,34504.6,3.483
2021-01-13 09:00:00,34488.9,34765.4,34488.9,34732.3,2.678
2021-01-13 09:05:00,34740.5,34803.1,34717.1,34752.9,2.529
2021-01-13 09:10:00,34752.1,34839.5,34704.6,34729.2,2.271
2021-01-13 09:15:00,34761.8,34930.1,34761.8,34919.4,2.304
2021-01-13 09:20:00,34920.1,35054.7,34915.0,34957.3,2.215
2021-01-13 09:25:00,34959.0,34959.0,34686.4,34745.0,7.149
2021-01-13 09:30:00,34738.4,34756.9,34677.5,34692.7,2.257
2021-01-13 09:35:00,34681.1,34721.7,34518.5,34518.5,2.234
2021-01-13 09:40:00,34475.0,34575.7,34173.2,34262.7,3.603
2021-01-13 09:45:00,34258.4,34357.8,34191.5,34357.8,2.486
2021-01-13 09:50:00,34360.3,34393.6,34277.4,34304.7,1.945
2021-01-13 09:55:00,34324.3,34388.0,34303.4,34303.4,2.398
2021-01-13 10:00:00,34337.8,34593.7,34337.8,34557.9,3.321
2021-01-13 10:05:00,34600.0,34765.1,34600.0,34765.1,2.313
2021-01-13 10:10:00,34753.6,34840.9,34707.1,34762.7,2.688
2021-01-13 10:15:00,34756.3,34890.1,34756.3,34890.1,1.97
2021-01-13 10:20:00,34889.2,34889.7,34700.4,34749.7,2.501
2021-01-13 10:25:00,34744.8,34794.6,34697.5,34727.9,1.752
2021-01-13 10:30:00,34725.7,34980.0,34603.0,34603.0,2.885
2021-01-13 10:35:00,34540.1,34643.8,34495.0,34565.0,2.504
2021-01-13 10:40:00,34541.8,34670.5,34294.6,34593.8,4.79
2021-01-13 10:45:00,34579.7,34678.7,34499.6,34539.7,2.44
2021-01-13 10:50:00,34550.3,34788.6,34501.6,34788.6,2.909
2021-01-13 10:55:00,34749.4,34851.2,34720.5,34851.2,2.124
2021-01-13 11:00:00,34873.9,34886.0,34789.0,34863.0,2.802
2021-01-13 11:05:00,34864.0,34864.0,34414.6,34639.7,3.316
2021-01-13 11:10:00,34662.9,34745.9,34634.6,34664.1,2.164
2021-01-13 11:15:00,34599.6,34748.7,34599.6,34700.8,2.283
2021-01-13 11:20:00,34718.0,34939.2,34625.3,34851.8,4.422
2021-01-13 11:25:00,34855.0,34859.1,34737.7,34816.7,2.435
2021-01-13 11:30:00,34824.3,34966.8,34746.9,34966.3,2.762
2021-01-13 11:35:00,34980.0,35241.3,34980.0,35113.8,5.72
2021-01-13 11:40:00,35108.2,35108.2,34461.3,34541.9,3.038
2021-01-13 11:45:00,34538.3,34592.0,34392.1,34516.0,2.212
2021-01-13 11:50:00,34522.6,34522.6,34236.1,34264.1,2.025
2021-01-13 11:55:00,34280.6,34403.3,34280.6,34312.1,2.407
2021-01-13 12:00:00,34403.6,34460.1,33932.5,34164.1,4.163
2021-01-13 12:05:00,34164.3,34213.7,34102.2,34192.0,3.625
2021-01-13 12:10:00,34213.8,34331.3,34207.7,34212.9,2.412
2021-01-13 12:15:00,34211.8,34340.9,33940.8,34049.6,3.25
2021-01-13 12:20:00,34052.3,34123.6,34052.3,34096.1,2.716
2021-01-13 12:25:00,34154.3,34217.0,34084.6,34147.3,2.592
2021-01-13 12:30:00,34202.7,34342.1,34187.0,34271.4,2.278
2021-01-13 12:35:00,34272.4,34359.9,34259.1,34300.0,1.614
2021-01-13 12:40:00,34312.2,34359.5,34229.2,34302.0,2.559
2021-01-13 12:45:00,34314.2,34314.2,34224.6,34225.6,2.04
2021-01-13 12:50:00,34229.6,34340.3,34217.7,34333.0,2.657
2021-01-13 12:55:00,34351.0,34355.0,34229.1,34229.1,2.468
2021-01-13 13:00:00,34229.9,34234.0,33955.2,34108.4,3.17
2021-01-13 13:05:00,34115.5,34529.6,34105.7,34456.9,3.518
2021-01-13 13:10:00,34440.1,34475.9,34384.7,34461.8,2.382
2021-01-13 13:15:00,34462.6,34576.8,34383.2,34474.3,2.478
2021-01-13 13:20:00,34483.2,34588.8,34411.3,34588.8,2.493
2021-01-13 13:25:00,34586.6,34599.3,34511.6,34518.0,1.688
2021-01-13 13:30:00,34507.9,34710.2,34503.7,34708.4,2.368
2021-01-13 13:35:00,34700.5,34732.7,34612.8,34612.8,2.335
2021-01-13 13:40:00,34613.3,34723.6,34588.3,34588.3,1.986
2021-01-13 13:45:00,34582.8,34630.1,34396.5,34396.5,3.336
2021-01-13 13:50:00,34396.4,34503.5,34393.0,34481.4,2.279
2021-01-13 13:55:00,34484.5,34555.3,34400.2,34529.1,2.702
2021-01-13 14:00:00,34556.4,34556.4,34416.2,34455.1,2.387
2021-01-13 14:05:00,34435.0,34437.9,34350.0,34425.5,3.127
2021-01-13 14:10:00,34419.0,34530.2,34409.5,34522.0,2.419
2021-01-13 14:15:00,34558.9,35007.4,34558.3,35007.4,4.005
2021-01-13 14:20:00,35003.3,35052.0,34796.5,34904.6,2.446
2021-01-13 14:25:00,34934.2,34934.2,34758.3,34863.2,2.293
2021-01-13 14:30:00,34861.3,34861.3,34696.1,34792.5,2.625
2021-01-13 14:35:00,34741.9,34828.8,34741.9,34793.3,2.467
2021-01-13 14:40:00,34812.3,34812.3,34646.9,34646.9,2.466
2021-01-13 14:45:00,34686.5,34720.7,34673.2,34702.6,2.307
2021-01-13 14:50:00,34703.4,34788.6,34472.2,34492.0,3.318
2021-01-13 14:55:00,34517.5,34538.0,34200.0,34202.8,3.01
2021-01-13 15:00:00,34203.6,34216.2,34200.0,34203.5,2.836
2021-01-13 15:05:00,34203.5,34216.2,34187.0,34197.3,1.727
2021-01-13 15:10:00,34199.0,34216.2,34184.9,34216.2,1.816
2021-01-13 15:15:00,34212.7,34498.3,34212.7,34466.3,2.298
2021-01-13 15:20:00,34482.0,34482.0,34382.5,34428.8,2.066
2021-01-13 15:25:00,34476.9,34563.0,34436.8,34556.4,2.412
2021-01-13 15:30:00,34554.6,34653.6,34517.5,34600.0,2.849
2021-01-13 15:35:00,34606.1,34667.6,34581.9,34633.8,2.609
2021-01-13 15:40:00,34633.4,34658.0,34600.5,34637.1,2.242
2021-01-13 15:45:00,34685.5,34733.2,34465.8,34556.3,3.283
2021-01-13 15:50:00,34554.5,34797.1,34545.0,34609.7,3.09
2021-01-13 15:55:00,34613.4,34703.7,34494.9,34605.3,2.696
2021-01-13 16:00:00,34652.4,34882.3,34652.4,34686.7,2.216
2021-01-13 16:05:00,34694.4,34731.1,34547.4,34588.7,2.526
2021-01-13 16:10:00,34598.4,34598.4,34518.7,34522.7,3.007
2021-01-13 16:15:00,34522.4,34589.5,34396.9,34454.3,3.172
2021-01-13 16:20:00,34490.1,34608.2,34450.5,34566.7,3.146
2021-01-13 16:25:00,34571.0,34571.0,34430.0,34441.3,1.981
2021-01-13 16:30:00,34430.0,34491.9,34400.0,34408.2,3.093
2021-01-13 16:35:00,34411.0,34539.0,34411.0,34539.0,1.92
2021-01-13 16:40:00,34542.3,34575.4,34507.1,34507.1,2.714
2021-01-13 16:45:00,34536.2,34668.5,34536.2,34639.8,2.587
2021-01-13 16:50:00,34671.3,34693.5,34603.6,34693.5,2.5
2021-01-13 16:55:00,34700.2,34733.8,34697.8,34720.2,2.521
2021-01-13 17:00:00,34721.5,34788.7,34623.8,34737.9,2.752
2021-01-13 17:05:00,34758.9,34767.4,34690.7,34762.3,1.974
2021-01-13 17:10:00,34721.8,34963.7,34721.8,34860.2,2.982
2021-01-13 17:15:00,34858.4,34867.3,34748.8,34767.8,2.736
2021-01-13 17:20:00,34762.8,34763.9,34614.2,34629.3,2.296
2021-01-13 17:25:00,34618.8,34826.2,34617.6,34826.2,2.738
2021-01-13 17:30:00,34827.6,35000.0,34825.3,34930.8,2.943
2021-01-13 17:35:00,34931.4,34931.4,34756.2,34767.9,1.737
2021-01-13 17:40:00,34764.6,34878.9,34764.6,34828.4,2.362
2021-01-13 17:45:00,34838.2,34901.6,34765.7,34813.9,2.72
2021-01-13 17:50:00,34803.8,34967.2,34803.8,34898.2,2.833
2021-01-13 17:55:00,34894.6,34894.6,34702.4,34774.2,2.699
2021-01-13 18:00:00,34785.1,34854.9,34695.5,34721.2,2.134
2021-01-13 18:05:00,34737.7,34806.2,34707.4,34766.0,2.602
2021-01-13 18:10:00,34792.9,34825.4,34734.9,34775.2,2.378
2021-01-13 18:15:00,34758.4,34761.5,34755.1,34758.0,1.811
2021-01-13 18:20:00,34761.5,34885.0,34756.1,34874.7,1.775
2021-01-13 18:25:00,34874.9,34958.7,34843.3,34958.7,1.87
2021-01-13 18:30:00,34958.7,35500.0,34949.8,35500.0,5.089
2021-01-13 18:35:00,35500.0,35823.2,35439.3,35639.6,5.463
2021-01-13 18:40:00,35635.2,35759.3,35604.0,35705.7,2.799
2021-01-13 18:45:00,35725.6,35818.7,35702.4,35779.6,2.428
2021-01-13 18:50:00,35793.4,35879.7,35702.4,35714.2,2.663
2021-01-13 18:55:00,35714.9,35726.1,35603.9,35703.5,2.555
2021-01-13 19:00:00,35694.2,35860.5,35694.2,35795.3,2.414
2021-01-13 19:05:00,35794.3,35874.9,35776.4,35853.1,2.321
2021-01-13 19:10:00,35816.0,35979.5,35800.0,35811.3,2.987
2021-01-13 19:15:00,35800.0,35811.4,35549.2,35683.6,2.832
2021-01-13 19:20:00,35659.2,35782.5,35641.1,35777.7,2.792
2021-01-13 19:25:00,35778.6,35805.3,35734.0,35797.3,2.935
2021-01-13 19:30:00,35798.8,35841.2,35734.0,35827.2,2.128
2021-01-13 19:35:00,35826.4,36115.6,35812.4,36039.0,4.267
2021-01-13 19:40:00,36115.6,36147.5,36010.1,36016.4,2.628
2021-01-13 19:45:00,36056.3,36062.4,35991.0,35997.3,2.908
2021-01-13 19:50:00,35979.2,36076.4,35960.2,36052.8,2.797
2021-01-13 19:55:00,36108.6,36109.7,35966.2,35966.2,3.11
2021-01-13 20:00:00,35999.7,36076.3,35995.3,36067.0,2.417
2021-01-13 20:05:00,36067.4,36249.1,36067.4,36172.3,2.382
2021-01-13 20:10:00,36214.2,36336.6,36190.2,36299.6,2.53
2021-01-13 20:15:00,36321.5,36419.6,36321.5,36392.2,3.012
2021-01-13 20:20:00,36395.3,36395.3,36203.9,36245.9,2.777
2021-01-13 20:25:00,36227.8,36227.8,35846.7,35856.9,4.743
2021-01-13 20:30:00,35914.2,36015.8,35660.2,35844.4,3.635
2021-01-13 20:35:00,35844.4,35844.4,35741.9,35791.5,3.091
2021-01-13 20:40:00,35791.6,36052.8,35788.0,35949.9,3.106
2021-01-13 20:45:00,35939.5,36039.5,35816.1,36039.5,3.673
2021-01-13 20:50:00,36038.0,36276.9,36038.0,36135.6,2.91
2021-01-13 20:55:00,36136.2,36199.2,36136.2,36196.2,2.822
2021-01-13 21:00:00,36207.5,36341.7,36108.6,36341.7,3.99
2021-01-13 21:05:00,36297.1,36354.8,36248.0,36302.9,3.095
2021-01-13 21:10:00,36304.9,36351.4,36182.1,36318.6,2.339
2021-01-13 21:15:00,36327.7,36366.8,36313.4,36313.4,1.588
2021-01-13 21:20:00,36315.4,36465.9,36153.6,36153.6,3.277
2021-01-13 21:25:00,36121.6,36228.7,36008.8,36161.0,3.547
2021-01-13 21:30:00,36177.2,36328.0,36139.6,36303.1,2.753
2021-01-13 21:35:00,36306.8,36328.6,36221.0,36301.0,2.674
2021-01-13 21:40:00,36327.3,36454.6,36327.2,36400.3,2.221
2021-01-13 21:45:00,36400.1,37106.5,36397.7,37065.9,4.633
2021-01-13 21:50:00,37109.3,37311.3,37029.9,37302.2,3.162
2021-01-13 21:55:00,37280.9,37344.3,36975.3,37237.5,4.946
2021-01-13 22:00:00,37259.5,37763.5,37259.5,37604.7,5.508
2021-01-13 22:05:00,37565.0,37685.1,37496.5,37496.5,2.798
2021-01-13 22:10:00,37510.0,37511.8,37233.9,37233.9,2.744
2021-01-13 22:15:00,37248.7,37554.3,37248.7,37450.2,3.691
2021-01-13 22:20:00,37455.5,37544.6,37347.8,37505.7,2.936
2021-01-13 22:25:00,37543.7,37595.1,37382.8,37387.0,2.898
2021-01-13 22:30:00,37332.5,37427.2,37210.9,37376.0,4.15
2021-01-13 22:35:00,37375.0,37388.5,37139.8,37170.6,2.875
2021-01-13 22:40:00,37171.3,37176.3,36863.7,37078.9,3.329
2021-01-13 22:45:00,37077.4,37135.8,36994.5,37130.5,2.03
2021-01-13 22:50:00,37153.7,37345.9,37102.5,37292.9,2.481
2021-01-13 22:55:00,37281.0,37320.7,37103.7,37103.7,3.0
2021-01-13 23:00:00,37117.0,37450.1,37117.0,37290.3,2.984
2021-01-13 23:05:00,37241.9,37450.1,37241.9,37384.2,2.214
2021-01-13 23:10:00,37383.7,37385.1,37290.1,37317.6,2.753
2021-01-13 23:15:00,37370.1,37483.0,37370.1,37478.1,2.107
2021-01-13 23:20:00,37490.1,37564.0,37426.0,37510.1,2.196
2021-01-13 23:25:00,37527.3,37528.6,37126.9,37188.7,3.851
2021-01-13 23:30:00,37231.5,37327.8,37131.7,37170.1,2.305
2021-01-13 23:35:00,37158.1,37185.8,37021.7,37073.5,2.144
2021-01-13 23:40:00,37091.4,37151.4,37039.2,37053.6,2.664
2021-01-13 23:45:00,37031.9,37253.5,36953.0,37206.4,2.656
2021-01-13 23:50:00,37231.8,37347.9,37182.7,37333.0,2.321
2021-01-13 23:55:00,37364.9,37380.2,37207.1,37355.7,2.881
2021-01-14 00:00:00,37451.4,37901.0,37451.4,37841.6,4.71
2021-01-14 00:05:00,37846.9,38144.7,37846.9,37935.7,0.908
2021-01-14 00:10:00,37932.9,38053.2,37856.2,37955.9,3.795
2021-01-14 00:15:00,37934.5,37960.4,37690.2,37798.0,2.685
2021-01-14 00:20:00,37750.3,38018.0,37657.7,37711.4,3.521
2021-01-14 00:25:00,37723.7,37882.5,37722.0,37869.5,1.986
2021-01-14 00:30:00,37825.2,37832.6,37760.0,37760.0,1.868
2021-01-14 00:35:00,37761.6,37829.3,37687.3,37777.8,2.297
2021-01-14 00:40:00,37798.0,37927.3,37792.3,37801.2,4.326
2021-01-14 00:45:00,37794.9,37870.1,37742.8,37796.3,2.393
2021-01-14 00:50:00,37819.9,37819.9,37710.0,37714.5,3.104
2021-01-14 00:55:00,37714.5,37786.8,37661.4,37765.8,2.1
2021-01-14 01:00:00,37766.0,37768.0,37500.0,37513.9,3.626
2021-01-14 01:05:00,37503.2,37618.4,37503.2,37618.4,2.579
2021-01-14 01:10:00,37595.6,37595.6,37500.0,37514.8,1.642
2021-01-14 01:15:00,37549.0,37663.0,37501.5,37504.4,2.419
2021-01-14 01:20:00,37500.0,37510.4,37391.7,37495.9,1.965
2021-01-14 01:25:00,37484.3,37743.3,37454.0,37743.3,2.485
2021-01-14 01:30:00,37691.9,37691.9,37530.0,37638.0,2.367
2021-01-14 01:35:00,37638.3,37638.3,37415.4,37462.9,2.683
2021-01-14 01:40:00,37463.7,37546.0,37452.4,37459.4,2.043
2021-01-14 01:45:00,37456.7,37552.2,37376.2,37515.6,3.121
2021-01-14 01:50:00,37537.9,37552.2,37478.7,37510.6,4.083
2021-01-14 01:55:00,37535.6,37552.2,37411.3,37413.6,2.273
2021-01-14 02:00:00,37414.6,37550.0,37375.7,37521.8,2.268
2021-01-14 02:05:00,37526.8,37543.9,37453.1,37456.0,2.741
2021-01-14 02:10:00,37456.6,37456.6,37237.7,37244.2,2.839
2021-01-14 02:15:00,37237.0,37368.6,37233.7,37264.6,2.613
2021-01-14 02:20:00,37271.4,37271.4,37104.7,37177.4,2.513
2021-01-14 02:25:00,37123.6,37285.4,37113.7,37250.0,2.691
2021-01-14 02:30:00,37237.0,37546.8,37237.0,37502.1,3.113
2021-01-14 02:35:00,37460.2,37541.5,37419.9,37538.7,2.167
2021-01-14 02:40:00,37534.6,37644.6,37534.6,37563.8,1.314
2021-01-14 02:45:00,37562.1,37595.2,37500.9,37559.7,2.629
2021-01-14 02:50:00,37512.0,37599.3,37463.1,37469.6,2.222
2021-01-14 02:55:00,37473.8,37488.8,37347.8,37417.6,2.718
2021-01-14 03:00:00,37431.8,37462.6,37322.6,37367.3,1.965
2021-01-14 03:05:00,37338.2,37338.2,37219.5,37252.0,2.373
2021-01-14 03:10:00,37248.5,37364.3,37208.6,37330.7,1.857
2021-01-14 03:15:00,37340.3,37340.3,37036.3,37169.7,3.011
2021-01-14 03:20:00,37188.0,37323.1,37143.9,37323.1,2.279
2021-01-14 03:25:00,37321.8,37393.6,37293.8,37333.0,2.366
2021-01-14 03:30:00,37373.1,37400.0,37291.0,37389.8,2.452
2021-01-14 03:35:00,37385.1,37408.6,37335.0,37408.3,1.592
2021-01-14 03:40:00,37387.8,37437.9,37365.3,37409.4,1.816
2021-01-14 03:45:00,37431.7,37453.3,37220.1,37240.6,2.386
2021-01-14 03:50:00,37208.1,37231.8,36999.7,37038.4,2.731
2021-01-14 03:55:00,37028.2,37097.2,36980.0,37024.3,2.456
2021-01-14 04:00:00,37049.4,37139.1,37049.4,37095.9,2.003
2021-01-14 04:05:00,37048.3,37077.6,36615.4,36878.1,4.417
2021-01-14 04:10:00,36882.5,36916.1,36762.1,36864.9,2.276
2021-01-14 04:15:00,36865.2,37049.9,36865.2,37049.9,3.215
2021-01-14 04:20:00,37045.0,37204.4,37045.0,37137.9,2.981
2021-01-14 04:25:00,37145.4,37269.4,37117.9,37212.3,2.118
2021-01-14 04:30:00,37221.6,37340.5,37171.0,37295.2,2.424
2021-01-14 04:35:00,37317.8,37448.6,37317.8,37343.7,2.729
2021-01-14 04:40:00,37370.4,37399.3,37312.6,37331.2,2.897
2021-01-14 04:45:00,37331.9,37423.5,37274.7,37423.5,2.524
2021-01-14 04:50:00,37422.3,37458.7,37319.0,37363.8,1.958
2021-01-14 04:55:00,37326.3,37534.9,37326.3,37476.6,2.893
2021-01-14 05:00:00,37499.0,37549.9,37428.3,37431.4,2.707
2021-01-14 05:05:00,37430.7,37496.0,37376.9,37407.2,1.917
2021-01-14 05:10:00,37404.9,37408.4,37307.2,37329.9,2.78
2021-01-14 05:15:00,37327.7,37610.4,37319.9,37568.5,2.536
2021-01-14 05:20:00,37539.8,37540.6,37424.6,37506.0,2.178
2021-01-14 05:25:00,37473.9,37473.9,37399.1,37413.6,1.994
2021-01-14 05:30:00,37383.9,37572.5,37383.9,37532.1,2.461
2021-01-14 05:35:00,37564.4,37680.8,37564.4,37628.3,2.707
2021-01-14 05:40:00,37661.2,37683.9,37535.3,37551.3,2.311
2021-01-14 05:45:00,37570.7,37742.1,37540.3,37700.1,2.73
2021-01-14 05:50:00,37673.3,37673.3,37508.2,37549.8,2.12
2021-01-14 05:55:00,37536.1,37558.4,37493.9,37503.1,2.492
2021-01-14 06:00:00,37541.9,37621.1,37450.0,37464.6,2.647
2021-01-14 06:05:00,37463.9,37553.2,37463.9,37531.6,2.074
2021-01-14 06:10:00,37497.6,37645.3,37497.6,37645.3,2.199
2021-01-14 06:15:00,37686.8,37738.2,37605.3,37738.0,3.002
2021-01-14 06:20:00,37736.6,37853.9,37697.8,37852.1,2.411
2021-01-14 06:25:00,37873.8,38100.0,37802.5,37890.9,5.402
2021-01-14 06:30:00,37984.4,38021.1,37900.0,37913.2,2.377
2021-01-14 06:35:00,37912.4,37913.3,37797.5,37884.4,2.598
2021-01-14 06:40:00,37894.0,37928.3,37801.5,37849.2,2.312
2021-01-14 06:45:00,37902.6,37902.6,37772.6,37858.7,2.617
2021-01-14 06:50:00,37830.1,37830.1,37763.9,37811.4,2.3
2021-01-14 06:55:00,37811.8,37860.0,37804.2,37804.2,2.41
2021-01-14 07:00:00,37806.9,37849.9,37709.1,37742.8,3.012
2021-01-14 07:05:00,37737.2,38052.9,37737.2,38052.9,2.596
2021-01-14 07:10:00,38060.3,38266.4,38060.3,38266.4,5.169
2021-01-14 07:15:00,38295.7,38377.8,38254.1,38300.0,6.146
2021-01-14 07:20:00,38313.6,38493.9,38302.9,38408.5,5.098
2021-01-14 07:25:00,38409.6,38534.1,38352.8,38523.5,2.777
2021-01-14 07:30:00,38521.1,38534.1,38379.5,38379.5,2.217
2021-01-14 07:35:00,38372.7,38478.8,38331.9,38346.5,2.535
2021-01-14 07:40:00,38347.8,38442.4,38329.2,38366.6,2.868
2021-01-14 07:45:00,38338.2,38437.8,38278.0,38429.2,2.467
2021-01-14 07:50:00,38429.9,38429.9,37750.9,38319.4,7.758
2021-01-14 07:55:00,38286.2,38286.8,38200.0,38212.5,3.548
2021-01-14 08:00:00,38216.9,38610.7,38212.0,38498.1,3.378
2021-01-14 08:05:00,38498.1,38745.0,38375.4,38673.8,3.885
2021-01-14 08:10:00,38674.1,38745.0,38650.0,38664.3,2.853
2021-01-14 08:15:00,38667.2,38757.0,38533.6,38583.6,3.202
2021-01-14 08:20:00,38579.3,38579.3,38436.8,38443.0,3.341
2021-01-14 08:25:00,38448.2,38450.1,38352.3,38382.7,2.558
2021-01-14 08:30:00,38399.1,38483.9,38399.1,38448.5,2.593
2021-01-14 08:35:00,38450.2,38576.4,38437.1,38514.1,1.674
2021-01-14 08:40:00,38524.5,38524.5,38449.3,38487.1,2.923
2021-01-14 08:45:00,38488.1,38552.9,38437.0,38552.9,2.225
2021-01-14 08:50:00,38585.2,38600.0,38537.3,38559.6,2.256
2021-01-14 08:55:00,38558.8,38563.3,38361.2,38364.6,3.424
2021-01-14 09:00:00,38331.9,38446.9,38331.9,38353.3,1.971
2021-01-14 09:05:00,38345.9,38345.9,38200.3,38267.6,3.464
2021-01-14 09:10:00,38279.1,38294.1,38252.5,38259.8,2.083
2021-01-14 09:15:00,38252.5,38294.6,38062.2,38111.7,2.183
2021-01-14 09:20:00,38103.2,38203.1,38103.2,38193.1,1.857
2021-01-14 09:25:00,38175.7,38275.3,38012.5,38075.2,2.087
2021-01-14 09:30:00,38058.1,38207.8,38058.1,38166.1,1.984
2021-01-14 09:35:00,38174.9,38304.8,38123.8,38123.8,2.27
2021-01-14 09:40:00,38127.7,38333.8,38127.7,38287.3,2.595
2021-01-14 09:45:00,38287.7,38303.1,38204.3,38238.4,2.569
2021-01-14 09:50:00,38237.7,38257.5,38194.0,38213.3,2.585
2021-01-14 09:55:00,38180.6,38209.8,37952.4,37957.1,2.811
2021-01-14 10:00:00,37898.9,38223.0,37898.9,38213.4,3.143
2021-01-14 10:05:00,38213.3,38287.7,38204.1,38287.7,1.625
2021-01-14 10:10:00,38287.6,38379.9,38208.4,38219.3,3.116
2021-01-14 10:15:00,38200.1,38276.1,38200.0,38203.8,2.845
2021-01-14 10:20:00,38214.9,38301.0,38203.5,38256.9,2.518
2021-01-14 10:25:00,38265.0,38331.1,38200.0,38215.3,2.404
2021-01-14 10:30:00,38202.4,38204.1,38070.5,38074.2,2.124
2021-01-14 10:35:00,38078.9,38089.6,38014.4,38032.9,2.675
2021-01-14 10:40:00,38033.0,38113.8,38019.5,38043.7,2.519
2021-01-14 10:45:00,38042.4,38117.6,38036.9,38117.6,2.677
2021-01-14 10:50:00,38145.5,38149.9,38021.6,38149.9,2.156
2021-01-14 10:55:00,38148.2,38461.9,38148.2,38461.9,2.773
2021-01-14 11:00:00,38412.1,38579.7,38398.2,38522.9,3.015
2021-01-14 11:05:00,38519.6,38574.9,38322.1,38373.8,3.499
2021-01-14 11:10:00,38351.3,38474.1,38351.3,38362.6,2.711
2021-01-14 11:15:00,38407.3,38429.7,38292.6,38332.5,3.255
2021-01-14 11:20:00,38332.5,38332.5,38223.7,38271.6,2.368
2021-01-14 11:25:00,38283.4,38283.4,38098.9,38162.2,2.591
2021-01-14 11:30:00,38140.4,38226.4,37990.6,38136.2,4.633
2021-01-14 11:35:00,38115.6,38188.7,38060.9,38130.9,3.191
2021-01-14 11:40:00,38127.0,38233.2,38121.1,38128.9,2.86
2021-01-14 11:45:00,38091.6,38277.8,38088.1,38213.7,2.987
2021-01-14 11:50:00,38219.8,38225.7,38150.0,38211.3,2.427
2021-01-14 11:55:00,38225.7,38362.2,38208.0,38341.1,2.196
2021-01-14 12:00:00,38294.4,38381.1,38266.6,38315.4,2.056
2021-01-14 12:05:00,38313.3,38313.3,38152.5,38152.5,2.798
2021-01-14 12:10:00,38156.7,38156.7,37800.0,38004.6,4.094
2021-01-14 12:15:00,38018.2,38105.4,38002.4,38011.0,2.404
2021-01-14 12:20:00,38046.0,38050.8,37693.5,37893.3,3.846
2021-01-14 12:25:00,37873.9,37980.7,37812.2,37937.9,3.631
2021-01-14 12:30:00,37868.4,38072.6,37854.5,38016.4,2.946
2021-01-14 12:35:00,38028.4,38148.4,38012.7,38125.5,2.236
2021-01-14 12:40:00,38140.5,38200.0,37968.5,38136.7,2.923
2021-01-14 12:45:00,38138.1,38141.0,38050.8,38092.2,2.027
2021-01-14 12:50:00,38092.2,38178.9,38068.0,38160.3,2.564
2021-01-14 12:55:00,38163.7,38298.2,38160.3,38298.2,2.12
2021-01-14 13:00:00,38201.1,38404.1,38171.2,38359.0,3.292
2021-01-14 13:05:00,38352.8,38431.2,38266.6,38279.8,3.055
2021-01-14 13:10:00,38279.3,38386.0,38279.3,38382.8,1.936
2021-01-14 13:15:00,38383.1,38466.5,38360.0,38372.0,3.196
2021-01-14 13:20:00,38373.4,38422.8,38357.8,38377.0,1.49
2021-01-14 13:25:00,38550.8,38655.0,38521.3,38584.8,3.663
2021-01-14 13:30:00,38580.1,38835.8,38351.2,38505.1,4.167
2021-01-14 13:35:00,38438.3,38541.2,38421.5,38509.9,2.714
2021-01-14 13:40:00,38548.9,38701.8,38545.7,38649.1,4.088
2021-01-14 13:45:00,38638.6,38891.8,38581.7,38821.9,4.597
2021-01-14 13:50:00,38822.5,38959.9,38740.7,38740.7,4.698
2021-01-14 13:55:00,38796.8,38999.2,38796.8,38999.2,3.108
2021-01-14 14:00:00,39000.0,39019.4,38799.1,38828.2,3.714
2021-01-14 14:05:00,38807.6,39199.2,38771.6,39199.2,11.147
2021-01-14 14:10:00,39150.5,39264.9,39129.0,39225.9,2.85
2021-01-14 14:15:00,39211.5,39300.0,39136.1,39284.1,4.63
2021-01-14 14:20:00,39280.3,39285.2,39174.0,39240.2,3.337
2021-01-14 14:25:00,39236.0,39300.0,39185.6,39289.6,2.163
2021-01-14 14:30:00,39252.7,39493.7,39252.7,39416.4,3.186
2021-01-14 14:35:00,39396.2,39650.0,39390.3,39643.1,3.361
2021-01-14 14:40:00,39650.0,39732.9,39570.7,39593.5,4.665
2021-01-14 14:45:00,39583.6,39715.3,39501.8,39540.3,3.306
2021-01-14 14:50:00,39537.5,39734.5,39533.8,39618.0,3.591
2021-01-14 14:55:00,39630.8,39674.3,39501.8,39572.9,3.661
2021-01-14 15:00:00,39557.8,39589.3,39405.8,39463.4,2.373
2021-01-14 15:05:00,39454.2,39561.1,39338.1,39533.1,3.387
2021-01-14 15:10:00,39530.7,39631.9,39442.3,39511.2,2.75
2021-01-14 15:15:00,39517.3,39686.2,39502.3,39679.9,2.585
2021-01-14 15:20:00,39676.5,39690.2,39568.8,39568.8,2.874
2021-01-14 15:25:00,39577.4,39834.7,39577.4,39834.7,4.896
2021-01-14 15:30:00,39832.1,40017.1,39723.7,39972.9,8.985
2021-01-14 15:35:00,40017.1,40132.9,39598.1,39759.6,6.256
2021-01-14 15:40:00,39761.5,39830.2,39569.8,39569.8,3.447
2021-01-14 15:45:00,39577.0,39675.4,39392.6,39514.0,4.121
2021-01-14 15:50:00,39507.6,39632.9,39463.1,39469.5,3.204
2021-01-14 15:55:00,39469.4,39550.2,39415.0,39486.4,2.786
2021-01-14 16:00:00,39510.0,39788.7,39510.0,39744.5,2.183
2021-01-14 16:05:00,39781.7,39816.2,39609.7,39816.2,2.539
2021-01-14 16:10:00,39818.4,39892.0,39799.3,39860.0,2.952
2021-01-14 16:15:00,39861.4,39955.0,39810.3,39825.2,4.095
2021-01-14 16:20:00,39815.9,39819.4,39580.8,39606.1,3.149
2021-01-14 16:25:00,39599.5,39805.8,39590.9,39653.3,2.059
2021-01-14 16:30:00,39659.0,39741.7,39659.0,39663.1,2.16
2021-01-14 16:35:00,39660.6,39676.2,39590.9,39592.8,2.337
2021-01-14 16:40:00,39593.0,39817.6,39592.5,39752.9,2.509
2021-01-14 16:45:00,39772.7,39772.7,39388.4,39388.4,4.742
2021-01-14 16:50:00,39474.1,39527.0,39266.5,39266.5,3.592
2021-01-14 16:55:00,39241.8,39424.2,39119.2,39221.4,3.644
2021-01-14 17:00:00,39294.3,39474.1,39294.3,39387.6,2.29
2021-01-14 17:05:00,39364.6,39435.9,39296.4,39435.9,2.205
2021-01-14 17:10:00,39474.4,39602.0,39474.4,39590.8,2.18
2021-01-14 17:15:00,39582.4,39590.5,39485.6,39503.9,2.768
2021-01-14 17:20:00,39559.0,39689.1,39533.3,39676.1,2.606
2021-01-14 17:25:00,39644.6,39822.7,39644.6,39783.4,3.01
2021-01-14 17:30:00,39715.7,39798.4,39671.5,39692.0,3.011
2021-01-14 17:35:00,39688.0,39723.8,39580.0,39723.8,2.075
2021-01-14 17:40:00,39687.9,39708.8,39530.3,39557.0,2.204
2021-01-14 17:45:00,39567.7,39567.9,39455.4,39469.0,2.286
2021-01-14 17:50:00,39457.2,39495.2,39427.5,39446.2,2.549
2021-01-14 17:55:00,39447.1,39461.5,39369.7,39386.1,2.544
2021-01-14 18:00:00,39386.6,39566.0,39358.6,39361.6,3.709
2021-01-14 18:05:00,39381.5,39510.7,39381.5,39392.0,2.413
2021-01-14 18:10:00,39409.7,39565.7,39407.5,39518.4,2.251
2021-01-14 18:15:00,39526.0,39526.0,39452.5,39493.6,2.948
2021-01-14 18:20:00,39466.4,39469.0,39380.0,39394.3,2.244
2021-01-14 18:25:00,39380.0,39389.6,39280.4,39322.9,3.011
2021-01-14 18:30:00,39335.7,39465.7,39277.2,39433.6,2.351
2021-01-14 18:35:00,39379.5,39500.1,39379.5,39452.6,1.746
2021-01-14 18:40:00,39450.0,39450.0,39247.5,39262.8,2.536
2021-01-14 18:45:00,39239.0,39423.7,39221.7,39407.6,2.103
2021-01-14 18:50:00,39379.6,39435.9,39259.8,39259.8,2.008
2021-01-14 18:55:00,39281.5,39393.1,39250.8,39251.9,2.768
2021-01-14 19:00:00,39251.0,39537.9,39251.0,39513.4,2.381
2021-01-14 19:05:00,39521.7,39557.9,39427.0,39445.4,2.286
2021-01-14 19:10:00,39454.0,39519.7,39454.0,39459.0,2.048
2021-01-14 19:15:00,39478.5,39565.4,39465.9,39508.7,1.775
2021-01-14 19:20:00,39485.4,39699.8,39485.4,39699.8,2.531
2021-01-14 19:25:00,39677.5,39689.7,39606.0,39609.7,3.132
2021-01-14 19:30:00,39610.2,39634.2,39604.4,39633.1,2.004
2021-01-14 19:35:00,39633.5,39634.7,39618.1,39618.1,2.098
2021-01-14 19:40:00,39618.1,39618.1,39450.1,39535.7,2.809
2021-01-14 19:45:00,39557.4,39674.7,39557.4,39645.3,2.284
2021-01-14 19:50:00,39638.3,39789.9,39634.7,39778.3,2.596
2021-01-14 19:55:00,39776.4,39868.4,39775.6,39790.7,2.767
2021-01-14 20:00:00,39788.2,39870.6,39734.8,39738.3,2.788
2021-01-14 20:05:00,39738.8,39738.8,39647.0,39647.0,2.158
2021-01-14 20:10:00,39669.3,39680.7,39605.5,39657.2,2.434
2021-01-14 20:15:00,39656.5,39670.0,39617.5,39618.6,2.542
2021-01-14 20:20:00,39612.4,39618.4,39520.0,39532.5,2.607
2021-01-14 20:25:00,39522.5,39526.2,39520.0,39520.0,2.078
2021-01-14 20:30:00,39522.8,39633.2,39520.0,39568.7,1.453
2021-01-14 20:35:00,39558.7,39566.0,39518.2,39521.3,1.953
2021-01-14 20:40:00,39532.0,39686.5,39505.7,39675.7,3.189
2021-01-14 20:45:00,39700.1,39710.0,39575.8,39577.6,2.442
2021-01-14 20:50:00,39576.3,39588.6,39390.6,39401.0,3.194
2021-01-14 20:55:00,39388.4,39401.0,39286.4,39320.8,2.536
2021-01-14 21:00:00,39321.5,39387.6,39317.4,39335.6,2.964
2021-01-14 21:05:00,39359.0,39474.9,39326.0,39384.6,3.598
2021-01-14 21:10:00,39381.8,39386.4,38800.0,38986.7,6.205
2021-01-14 21:15:00,39000.0,39257.0,38560.0,38615.4,5.958
2021-01-14 21:20:00,38671.0,38775.0,38416.7,38686.5,6.401
2021-01-14 21:25:00,38655.8,38724.6,38428.9,38445.8,5.221
2021-01-14 21:30:00,38373.5,38592.1,38233.6,38592.1,5.665
2021-01-14 21:35:00,38614.9,38693.1,38347.2,38360.4,6.008
2021-01-14 21:40:00,38363.7,38429.7,38226.0,38357.7,4.564
2021-01-14 21:45:00,38429.7,38549.2,38361.4,38479.8,5.013
2021-01-14 21:50:00,38502.2,38568.7,38427.2,38557.7,2.883
2021-01-14 21:55:00,38549.8,38868.1,38549.8,38748.7,4.659
2021-01-14 22:00:00,38735.1,38735.1,38525.1,38589.7,3.613
2021-01-14 22:05:00,38589.6,38792.2,38556.9,38683.8,3.973
2021-01-14 22:10:00,38750.3,38872.0,38698.4,38708.1,2.772
2021-01-14 22:15:00,38706.6,38721.8,38477.4,38538.4,2.486
2021-01-14 22:20:00,38538.0,38659.2,38523.9,38637.1,2.557
2021-01-14 22:25:00,38596.5,38596.5,38427.2,38483.7,2.562
2021-01-14 22:30:00,38486.2,38615.6,38486.2,38496.5,2.911
2021-01-14 22:35:00,38496.6,38513.9,38327.3,38393.2,3.346
2021-01-14 22:40:00,38402.5,38528.9,38402.5,38516.8,2.773
2021-01-14 22:45:00,38524.3,38809.7,38519.9,38809.7,3.71
2021-01-14 22:50:00,38790.4,39000.0,38710.0,38867.3,7.914
2021-01-14 22:55:00,38853.2,39041.3,38850.1,38919.5,4.025
2021-01-14 23:00:00,38908.3,39016.1,38845.1,38976.0,4.533
2021-01-14 23:05:00,38969.7,39002.3,38843.7,38848.0,3.701
2021-01-14 23:10:00,38860.7,38973.5,38814.6,38951.2,4.294
2021-01-14 23:15:00,38894.2,39159.5,38894.2,39045.9,6.067
2021-01-14 23:20:00,39040.5,39040.5,38955.9,39007.2,3.43
2021-01-14 23:25:00,38997.9,39017.2,38830.3,38830.3,3.278
2021-01-14 23:30:00,38849.8,38850.7,38695.6,38754.9,4.095
2021-01-14 23:35:00,38759.0,38956.0,38725.9,38935.5,4.141
2021-01-14 23:40:00,38924.8,38968.0,38900.2,38904.6,3.482
2021-01-14 23:45:00,38904.6,39098.3,38899.9,39098.0,4.136
2021-01-14 23:50:00,39128.4,39250.0,39116.6,39164.0,4.099
2021-01-14 23:55:00,39168.0,39262.8,39090.4,39091.6,5.827
2021-01-15 00:00:00,39164.4,39307.1,38985.9,39307.1,2.433
2021-01-15 00:05:00,39295.9,39481.7,39295.9,39474.3,2.548
2021-01-15 00:10:00,39496.0,39568.2,39357.0,39413.8,4.384
2021-01-15 00:15:00,39434.2,39522.0,39408.5,39488.9,3.495
2021-01-15 00:20:00,39472.7,39497.4,39325.8,39350.4,2.685
2021-01-15 00:25:00,39352.6,39449.2,39339.6,39353.6,3.188
2021-01-15 00:30:00,39348.4,39465.4,39335.3,39423.6,3.179
2021-01-15 00:35:00,39428.8,39703.3,39422.2,39571.1,6.584
2021-01-15 00:40:00,39609.7,39612.8,39473.7,39484.1,3.141
2021-01-15 00:45:00,39547.1,39552.8,39415.6,39491.2,4.233
2021-01-15 00:50:00,39471.6,39485.8,39357.8,39391.9,2.939
2021-01-15 00:55:00,39400.5,39524.0,39356.3,39413.6,3.274
2021-01-15 01:00:00,39455.9,39464.8,39339.0,39395.8,2.496
2021-01-15 01:05:00,39338.7,39418.0,39276.3,39418.0,4.152
2021-01-15 01:10:00,39420.5,39531.5,39420.5,39531.5,2.855
2021-01-15 01:15:00,39528.3,39570.3,39491.4,39547.5,3.129
2021-01-15 01:20:00,39536.2,39536.2,39385.0,39400.3,3.126
2021-01-15 01:25:00,39403.5,39424.0,39325.4,39389.3,3.656
2021-01-15 01:30:00,39389.4,39531.7,39389.4,39515.6,3.407
2021-01-15 01:35:00,39514.6,39518.4,39450.6,39518.4,2.58
2021-01-15 01:40:00,39503.7,39503.7,39392.2,39407.6,3.297
2021-01-15 01:45:00,39408.8,39408.8,39037.9,39107.4,6.207
2021-01-15 01:50:00,39109.2,39153.3,39031.4,39070.8,2.686
2021-01-15 01:55:00,39048.4,39144.7,38965.3,39092.9,3.333
2021-01-15 02:00:00,39091.8,39091.8,38757.3,39038.8,4.558
2021-01-15 02:05:00,39056.4,39179.4,39050.6,39149.9,2.48
2021-01-15 02:10:00,39164.8,39298.5,39159.8,39298.5,2.914
2021-01-15 02:15:00,39290.7,39347.4,39217.8,39228.4,3.958
2021-01-15 02:20:00,39221.5,39271.0,39160.3,39235.4,2.941
2021-01-15 02:25:00,39265.6,39390.3,39173.0,39349.8,3.558
2021-01-15 02:30:00,39349.9,39424.9,39312.2,39312.2,2.999
2021-01-15 02:35:00,39310.8,39310.8,39191.5,39273.8,3.56
2021-01-15 02:40:00,39257.5,39334.7,39203.2,39203.5,3.017
2021-01-15 02:45:00,39197.1,39270.7,39129.9,39164.9,2.725
2021-01-15 02:50:00,39179.4,39188.1,39062.9,39079.9,2.968
2021-01-15 02:55:00,39072.8,39248.0,39025.0,39224.2,3.958
2021-01-15 03:00:00,39215.8,39322.0,38967.4,38967.4,5.207
2021-01-15 03:05:00,38963.7,39025.8,38955.7,38977.7,2.917
2021-01-15 03:10:00,38977.9,39051.3,38888.2,38906.8,2.94
2021-01-15 03:15:00,38910.3,38910.3,38784.4,38802.9,3.037
2021-01-15 03:20:00,38802.9,38900.0,38666.0,38880.0,3.758
2021-01-15 03:25:00,38880.7,38893.9,38742.6,38742.6,3.279
2021-01-15 03:30:00,38700.7,38859.5,38672.7,38690.8,3.659
2021-01-15 03:35:00,38686.0,38823.9,38686.0,38714.3,3.326
2021-01-15 03:40:00,38717.9,38847.6,38594.4,38606.4,5.531
2021-01-15 03:45:00,38599.3,38630.9,38464.9,38490.8,6.141
2021-01-15 03:50:00,38501.2,38574.4,38406.8,38574.4,7.653
2021-01-15 03:55:00,38583.5,38726.8,38583.5,38635.9,5.05
2021-01-15 04:00:00,38632.0,38714.9,38435.4,38714.9,4.366
2021-01-15 04:05:00,38711.2,38749.4,38529.8,38529.8,4.288
2021-01-15 04:10:00,38513.1,38538.3,38400.0,38451.9,5.961
2021-01-15 04:15:00,38455.2,38532.1,38289.5,38326.3,3.943
2021-01-15 04:20:00,38321.2,38511.8,38301.3,38466.8,3.753
2021-01-15 04:25:00,38470.6,38511.5,38377.9,38425.7,4.867
2021-01-15 04:30:00,38409.4,38678.1,38323.0,38621.5,5.404
2021-01-15 04:35:00,38613.5,38669.6,38495.8,38567.1,4.275
2021-01-15 04:40:00,38561.3,38662.0,38508.5,38621.1,4.164
2021-01-15 04:45:00,38620.4,38676.9,38533.5,38536.8,3.608
2021-01-15 04:50:00,38537.3,38597.2,38474.8,38512.3,5.032
2021-01-15 04:55:00,38536.0,38584.8,38397.9,38397.9,3.405
2021-01-15 05:00:00,38372.7,38444.7,38372.7,38444.7,2.934
2021-01-15 05:05:00,38445.0,38626.8,38428.8,38614.5,3.924
2021-01-15 05:10:00,38593.8,38668.1,38563.8,38661.8,3.112
2021-01-15 05:15:00,38669.3,38797.0,38605.9,38732.0,4.472
2021-01-15 05:20:00,38731.8,38747.6,38668.4,38692.9,3.189
2021-01-15 05:25:00,38682.9,38771.3,38633.1,38723.9,3.509
2021-01-15 05:30:00,38701.9,38701.9,38532.7,38555.3,3.083
2021-01-15 05:35:00,38587.5,38587.5,38480.8,38483.6,2.977
2021-01-15 05:40:00,38536.6,38536.6,38438.5,38441.0,2.769
2021-01-15 05:45:00,38440.4,38440.4,38006.2,38131.4,11.677
2021-01-15 05:50:00,38096.2,38124.5,37796.6,37896.6,6.628
2021-01-15 05:55:00,37880.9,38034.1,37761.3,37775.6,5.321
2021-01-15 06:00:00,37750.0,37908.5,37621.1,37788.5,7.976
2021-01-15 06:05:00,37793.4,37868.2,37536.2,37560.2,8.705
2021-01-15 06:10:00,37558.6,37811.9,37558.6,37751.0,7.519
2021-01-15 06:15:00,37749.7,37799.8,37615.2,37799.8,4.29
2021-01-15 06:20:00,37800.0,37939.1,37708.2,37765.5,6.778
2021-01-15 06:25:00,37834.6,37952.6,37809.8,37932.5,7.513
2021-01-15 06:30:00,37908.8,38044.2,37875.4,37890.9,6.154
2021-01-15 06:35:00,37928.3,37972.1,37869.5,37972.1,3.966
2021-01-15 06:40:00,37966.1,37966.1,37798.4,37942.2,3.998
2021-01-15 06:45:00,37938.5,38032.1,37828.6,38032.1,3.567
2021-01-15 06:50:00,38021.4,38068.5,37889.7,37890.1,7.338
2021-01-15 06:55:00,37895.2,37968.7,37884.2,37963.4,4.26
2021-01-15 07:00:00,37966.5,37970.3,37667.8,37713.5,6.361
2021-01-15 07:05:00,37705.4,37840.6,37615.6,37806.4,5.072
2021-01-15 07:10:00,37821.7,38222.5,37821.7,38222.5,7.603
2021-01-15 07:15:00,38235.5,38307.3,38141.9,38233.7,6.962
2021-01-15 07:20:00,38249.2,38373.3,38204.6,38279.7,5.849
2021-01-15 07:25:00,38275.6,38424.3,38245.5,38353.0,4.843
2021-01-15 07:30:00,38348.8,38407.9,38287.4,38397.7,4.357
2021-01-15 07:35:00,38412.5,38443.8,38302.5,38335.0,3.452
2021-01-15 07:40:00,38337.6,38367.4,38279.9,38279.9,4.259
2021-01-15 07:45:00,38281.2,38380.1,38213.2,38337.8,7.083
2021-01-15 07:50:00,38341.3,38390.2,38266.4,38266.4,6.413
2021-01-15 07:55:00,38276.2,38411.7,38253.1,38409.9,5.894
2021-01-15 08:00:00,38415.2,38568.6,38399.6,38469.6,6.076
2021-01-15 08:05:00,38484.1,38484.1,38237.5,38302.9,5.874
2021-01-15 08:10:00,38303.0,38389.3,38250.0,38259.3,4.666
2021-01-15 08:15:00,38265.0,38351.8,38121.3,38183.4,5.465
2021-01-15 08:20:00,38159.5,38348.7,38159.5,38289.2,4.143
2021-01-15 08:25:00,38290.2,38422.5,38218.6,38417.8,4.137
2021-01-15 08:30:00,38428.8,38428.8,38256.8,38289.6,4.01
2021-01-15 08:35:00,38296.6,38305.8,38230.7,38282.1,2.651
2021-01-15 08:40:00,38280.8,38475.6,38280.8,38429.7,3.456
2021-01-15 08:45:00,38441.9,38602.8,38441.9,38580.7,4.944
2021-01-15 08:50:00,38580.7,38580.7,38324.8,38324.8,4.12
2021-01-15 08:55:00,38331.1,38393.4,38173.9,38251.4,4.46
2021-01-15 09:00:00,38235.3,38235.3,37999.5,38095.6,7.402
2021-01-15 09:05:00,38095.6,38141.7,38003.2,38106.8,5.422
2021-01-15 09:10:00,38089.6,38200.0,38089.6,38094.5,4.024
2021-01-15 09:15:00,38094.5,38251.2,38094.5,38197.5,4.017
2021-01-15 09:20:00,38203.8,38370.1,38170.6,38283.9,3.957
2021-01-15 09:25:00,38273.5,38359.9,38203.0,38357.2,5.511
2021-01-15 09:30:00,38356.8,38441.3,38350.8,38441.3,3.073
2021-01-15 09:35:00,38447.1,38529.2,38350.1,38503.7,4.894
2021-01-15 09:40:00,38515.1,38584.8,38476.7,38562.2,3.441
2021-01-15 09:45:00,38587.1,38639.7,38516.6,38624.5,2.721
2021-01-15 09:50:00,38664.4,38666.6,38480.4,38548.7,4.195
2021-01-15 09:55:00,38559.5,38654.7,38554.0,38630.5,2.677
2021-01-15 10:00:00,38642.8,38642.8,38545.9,38550.2,3.107
2021-01-15 10:05:00,38548.4,38790.0,38545.9,38779.0,5.048
2021-01-15 10:10:00,38735.8,38765.1,38589.3,38610.7,5.235
2021-01-15 10:15:00,38610.7,38610.7,38459.6,38459.6,3.772
2021-01-15 10:20:00,38467.6,38565.1,38435.6,38534.3,3.914
2021-01-15 10:25:00,38539.0,38619.4,38425.0,38534.7,3.833
2021-01-15 10:30:00,38550.4,38550.4,38365.6,38504.2,4.753
2021-01-15 10:35:00,38504.2,38505.8,38435.9,38466.9,3.211
2021-01-15 10:40:00,38470.0,38566.4,38398.1,38426.9,6.75
2021-01-15 10:45:00,38429.0,38436.7,38280.1,38432.8,5.003
2021-01-15 10:50:00,38405.1,38588.3,38404.9,38526.0,4.188
2021-01-15 10:55:00,38524.8,38524.8,38414.7,38430.8,3.053
2021-01-15 11:00:00,38383.6,38506.4,38218.8,38218.8,7.516
2021-01-15 11:05:00,38213.5,38264.9,38005.3,38176.3,10.573
2021-01-15 11:10:00,38187.0,38214.5,38061.8,38091.1,3.035
2021-01-15 11:15:00,38125.4,38233.0,38049.9,38186.1,3.893
2021-01-15 11:20:00,38188.4,38258.4,38166.0,38205.6,3.208
2021-01-15 11:25:00,38209.2,38232.2,38059.9,38121.5,3.27
2021-01-15 11:30:00,38124.7,38355.7,38124.2,38185.8,3.934
2021-01-15 11:35:00,38193.4,38246.1,38176.5,38222.9,2.469
2021-01-15 11:40:00,38227.8,38305.6,38217.8,38241.5,3.881
2021-01-15 11:45:00,38217.4,38220.4,37903.1,37971.7,5.908
2021-01-15 11:50:00,37971.5,38061.5,37893.0,37953.1,4.272
2021-01-15 11:55:00,37958.9,38076.0,37958.9,38018.7,3.427
2021-01-15 12:00:00,38051.5,38142.2,37843.7,37867.5,5.887
2021-01-15 12:05:00,37840.1,37925.2,37801.8,37889.1,5.075
2021-01-15 12:10:00,37888.6,38025.0,37853.5,38019.6,4.638
2021-01-15 12:15:00,38038.5,38038.6,37751.2,37793.5,6.278
2021-01-15 12:20:00,37788.0,37866.9,37708.1,37716.9,3.461
2021-01-15 12:25:00,37709.0,37813.5,37300.0,37374.6,7.685
2021-01-15 12:30:00,37393.3,37541.2,37227.4,37275.9,12.265
2021-01-15 12:35:00,37282.4,37401.9,37174.3,37370.3,7.952
2021-01-15 12:40:00,37377.5,37531.3,37351.9,37510.6,7.975
2021-01-15 12:45:00,37516.1,37775.4,37508.4,37664.6,10.509
2021-01-15 12:50:00,37647.7,37705.2,37580.2,37620.0,5.06
2021-01-15 12:55:00,37591.6,37761.9,37590.0,37750.9,4.458
2021-01-15 13:00:00,37711.5,37728.3,37498.1,37592.0,4.61
2021-01-15 13:05:00,37605.0,37911.4,37605.0,37709.3,5.895
2021-01-15 13:10:00,37700.4,37810.3,37403.6,37598.5,12.75
2021-01-15 13:15:00,37601.1,37621.4,37231.6,37231.6,8.099
2021-01-15 13:20:00,37262.4,37482.7,37254.8,37363.3,5.934
2021-01-15 13:25:00,37375.1,37550.8,37373.7,37424.1,6.149
2021-01-15 13:30:00,37436.5,37580.0,37397.7,37561.4,7.058
2021-01-15 13:35:00,37560.4,37683.2,37340.3,37664.4,7.365
2021-01-15 13:40:00,37667.6,37691.1,37539.8,37684.6,6.203
2021-01-15 13:45:00,37652.3,37654.3,37518.6,37600.0,7.647
2021-01-15 13:50:00,37611.2,37758.6,37430.0,37565.6,17.255
2021-01-15 13:55:00,37562.7,37651.7,37475.6,37640.8,5.77
2021-01-15 14:00:00,37637.7,37717.8,37637.7,37677.2,3.216
2021-01-15 14:05:00,37681.1,37695.2,37348.7,37359.1,7.558
2021-01-15 14:10:00,37350.3,37424.9,37327.8,37411.2,4.618
2021-01-15 14:15:00,37417.3,37417.3,37111.8,37288.2,17.64
2021-01-15 14:20:00,37249.8,37308.6,37000.0,37090.0,5.131
2021-01-15 14:25:00,37113.6,37236.9,36990.9,37135.9,6.919
2021-01-15 14:30:00,37150.8,37212.9,36926.6,36944.5,6.281
2021-01-15 14:35:00,36924.5,37103.1,36750.0,36801.1,16.026
2021-01-15 14:40:00,36842.6,36980.4,36786.9,36827.4,6.411
2021-01-15 14:45:00,36864.7,36864.7,36578.0,36736.8,10.454
2021-01-15 14:50:00,36769.8,37067.3,36769.8,37067.3,4.31
2021-01-15 14:55:00,37075.7,37100.0,36770.2,36857.6,5.938
2021-01-15 15:00:00,36842.5,36842.5,36611.6,36752.7,5.032
2021-01-15 15:05:00,36753.5,36753.5,36491.3,36594.6,16.013
2021-01-15 15:10:00,36587.1,36587.1,36303.7,36305.5,9.638
2021-01-15 15:15:00,36323.6,36572.5,36308.9,36513.2,7.754
2021-01-15 15:20:00,36507.1,36621.1,36384.3,36520.1,6.616
2021-01-15 15:25:00,36592.8,36720.4,36589.3,36693.9,4.427
2021-01-15 15:30:00,36680.6,36947.5,36677.9,36782.7,6.16
2021-01-15 15:35:00,36787.2,36792.0,36000.0,36209.0,27.407
2021-01-15 15:40:00,36211.9,36300.0,36091.1,36236.3,7.22
2021-01-15 15:45:00,36249.4,36249.4,35647.5,35722.7,11.057
2021-01-15 15:50:00,35718.8,35842.2,35200.0,35517.8,40.937
2021-01-15 15:55:00,35469.4,35639.4,34993.3,35530.4,35.576
2021-01-15 16:00:00,35530.4,35530.4,34551.6,34718.4,46.034
2021-01-15 16:05:00,34709.2,34927.7,34362.0,34697.9,50.465
2021-01-15 16:10:00,34713.1,35347.0,34582.1,35347.0,32.015
2021-01-15 16:15:00,35355.2,35583.5,35031.0,35144.2,32.262
2021-01-15 16:20:00,35136.9,35900.0,35045.3,35711.4,30.185
2021-01-15 16:25:00,35699.8,36098.7,35699.8,35974.5,18.628
2021-01-15 16:30:00,36005.0,36250.8,35800.0,35922.9,21.277
2021-01-15 16:35:00,35909.4,36100.0,35767.6,35950.3,19.719
2021-01-15 16:40:00,35943.2,36157.2,35884.6,36121.9,11.706
2021-01-15 16:45:00,36107.5,36300.0,35884.6,36058.6,15.868
2021-01-15 16:50:00,36061.7,36126.2,35773.6,36046.7,15.194
2021-01-15 16:55:00,36050.2,36129.7,35970.0,36113.8,11.661
2021-01-15 17:00:00,36112.2,36112.2,35779.5,35779.5,7.668
2021-01-15 17:05:00,35847.6,35980.7,35569.4,35682.1,10.002
2021-01-15 17:10:00,35660.1,35660.1,35286.5,35506.6,25.735
2021-01-15 17:15:00,35549.5,35950.0,35549.5,35841.5,17.382
2021-01-15 17:20:00,35836.2,35879.9,35757.5,35842.8,13.061
2021-01-15 17:25:00,35838.2,36063.5,35838.2,35969.1,10.043
2021-01-15 17:30:00,35978.3,36068.1,35867.3,35910.6,12.224
2021-01-15 17:35:00,35937.4,35987.9,35582.0,35630.9,10.694
2021-01-15 17:40:00,35649.5,35854.2,35639.0,35673.4,9.461
2021-01-15 17:45:00,35654.6,35816.2,35379.6,35729.7,19.237
2021-01-15 17:50:00,35661.7,35795.9,35596.7,35719.1,13.016
2021-01-15 17:55:00,35700.0,36000.0,35599.8,35950.3,13.607
2021-01-15 18:00:00,35923.0,36125.5,35913.8,35990.5,15.555
2021-01-15 18:05:00,35976.4,36199.1,35954.4,36199.1,5.023
